feature,log2FC,p_value_ttest,q_value_ttest,grad_avg,grad_mag,volcano_weight,metric_abs,metric_signed,sig_up,sig_down,p_treatment,p_batch,p_interaction,q_treatment,q_batch,q_interaction
0,-0.07145731844722154,0.4646496230119731,0.9041913505106391,0.0018643877,0.0018643877,0.33287441087360664,0.023786312780726574,-0.023786312780726574,False,False,0.4523079410499058,0.027716827426033964,0.11299354679590559,0.8762298938834648,0.0667875359663469,0.8584650300772874
1,0.1458526241509908,0.191038283174745,0.6367942772491499,0.0008203184,0.0008203184,0.7188795934563204,0.10485047515420175,0.10485047515420175,False,False,0.16912313333615955,0.0008690752994826554,0.43645331374582685,0.5646790808513587,0.0037785882586202414,0.8584650300772874
2,0.3073965173602307,0.012016449077034645,0.07752547791635254,0.018661441,0.018661441,1.920223849644692,0.5902701239328336,0.5902701239328336,False,False,0.012815285032384004,0.8682401773505655,0.642349681614836,0.07538402960225886,0.9285991201610325,0.8584650300772874
3,-0.15310266019265942,0.13358020706805332,0.5343208282722133,-0.00016374356,0.00016374356,0.8742578876534133,0.13385120829415276,-0.13385120829415276,False,False,0.09104449726543046,1.983067492281649e-06,0.081917283985639,0.387423392618853,2.1021055828314788e-05,0.8584650300772874
4,0.1326112939479193,0.215620598854583,0.6845098376335969,0.012387771,0.012387771,0.6663097521052048,0.08836019839678855,0.08836019839678855,False,False,0.21044774191108573,0.05216892059826107,0.6061376327339861,0.6680880695590024,0.10646718489441036,0.8584650300772874
5,-0.10679694068471023,0.46565854551297914,0.9041913505106391,-0.034395818,0.034395818,0.3319324226992281,0.03544936725834163,-0.03544936725834163,False,False,0.45324424939058006,0.009169142096222969,0.4673164910551606,0.8762298938834648,0.025469839156174914,0.8584650300772874
6,0.008284504442363175,0.9549854219211669,0.9906538569321143,0.0028212003,0.0028212003,0.020003257973863302,0.00016571707954620714,0.00016571707954620714,False,False,0.9523612106527889,0.0006734494731304956,0.23449318185746315,0.9900814233934792,0.00306113396877498,0.8584650300772874
7,-0.07864472402532156,0.48740861187728635,0.9050334807428563,0.00090253225,0.00090253225,0.3121068016639272,0.024545553283285327,-0.024545553283285327,False,False,0.4732927232135814,0.006860393688284039,0.3497193961004429,0.8889142006480557,0.020478787129206085,0.8584650300772874
8,-0.6241777134755527,2.2824877619203148e-10,1.2053475000128922e-08,-0.20435992,0.20435992,9.641591542356522,6.018066563173322,-6.018066563173322,False,True,1.25821049299808e-11,2.3004947096074274e-05,0.9545441357260863,5.03284197199232e-10,0.00014841901352305982,0.9943168080480066
9,0.02596093288028323,0.8244387553446004,0.981474708743572,-0.02235085,0.02235085,0.08384160103074877,0.002176606176934754,0.002176606176934754,False,False,0.8145949429710706,0.000402331509654005,0.7948227658649842,0.9640176839894327,0.001915864331685738,0.9032076884829366
10,0.5851553821132103,3.530414958311864e-08,5.04344994044552e-07,0.16924502,0.16924502,7.452174245458173,4.360679868175302,4.360679868175302,True,False,4.0340337619208534e-08,0.30528462916507604,0.591755913993695,4.482259735467615e-07,0.43612089880725147,0.8584650300772874
11,-0.20400639883278912,0.04826734663684697,0.24133673318423482,-0.04422165,0.04422165,1.3163465746565233,0.2685431243115545,-0.2685431243115545,False,False,0.046455370721528305,0.989257880071221,0.06610312595576574,0.22830714043270195,0.989257880071221,0.8584650300772874
12,-0.0002474606956899817,0.9982546392221119,0.9990455559468623,0.010512492,0.010512492,0.0007586628176901349,1.8773922865972256e-07,-1.8773922865972256e-07,False,False,0.9981211662648245,0.00010101641211382696,0.29548854193793916,0.9989852385619966,0.0005612022895212609,0.8584650300772874
13,0.3388076548080258,0.020974065469837933,0.12337685570492901,0.0072047114,0.0072047114,1.6783173806939842,0.5686267757764775,0.5686267757764775,True,False,0.010362225119749841,2.1117474060843944e-06,0.6920217120420259,0.06476390699843651,2.1021055828314788e-05,0.866714921916851
14,0.09085108025039275,0.30495728152963353,0.801390874690006,0.012357384,0.012357384,0.5157609924411036,0.04685744331428891,0.04685744331428891,False,False,0.30326132597399513,0.14513221625607872,0.4611794885275662,0.7703320778306652,0.23792166599357167,0.8584650300772874
15,0.6389753518635605,2.7139453839286154e-08,4.1753005906594084e-07,0.15504089,0.15504089,7.566398896432027,4.83474239718771,4.83474239718771,True,False,3.1418948627751524e-08,0.9514890446350016,0.35841085773644277,3.7402999693943467e-07,0.9859990099844576,0.8584650300772874
16,-0.03235122740242178,0.7332200043943825,0.9339334034619967,0.014984672,0.014984672,0.1347656947196699,0.004359835635921393,-0.004359835635921393,False,False,0.7342325912327963,0.9617154628740293,0.2696737372705921,0.9235630078399952,0.9880666519563156,0.8584650300772874
17,0.05494850640453373,0.6681906923502812,0.9270832228024526,0.013833698,0.013833698,0.17509957821759095,0.00962146029512045,0.00962146029512045,False,False,0.6382627903427226,9.339781405619668e-06,0.9468401158269883,0.9166047722730137,7.471825124495735e-05,0.9914556186670035
18,0.6583492829725448,1.37229528362249e-08,2.495082333859073e-07,0.18283607,0.18283607,7.862552429263503,5.176305754139667,5.176305754139667,True,False,1.6466709710323667e-08,0.3156896439228862,0.7784685711237591,2.1955612947098222e-07,0.44778672896863286,0.8969149471631382
19,0.10391468847466558,0.3730643436088812,0.8578960412889909,-0.001582319,0.001582319,0.42821625756304954,0.04449795900445145,0.04449795900445145,False,False,0.3655594533786254,0.07553564781254282,0.16842426427848228,0.8462091290656015,0.1398808292824867,0.8584650300772874
20,0.19079412243578223,0.1408686563292141,0.5418025243431311,0.032362334,0.032362334,0.8511856278810574,0.16240121490151666,0.16240121490151666,False,False,0.14236378617918438,0.4668514919292063,0.41939796936934937,0.5475530237660938,0.6102633881427533,0.8584650300772874
21,0.05856871675464249,0.5718888867406733,0.9270832228024526,0.0022592337,0.0022592337,0.242688342820518,0.014213944810308491,0.014213944810308491,False,False,0.5693589269034578,0.1384150937042643,0.30994170997657067,0.9166047722730137,0.23069182284044049,0.8584650300772874
22,-0.012341045184114541,0.9100001065092584,0.9905035451358372,0.038432796,0.038432796,0.04095855684771903,0.0005054714007338246,-0.0005054714007338246,False,False,0.8998408012366326,2.2746514590243617e-06,0.6566443673625463,0.9900814233934792,2.1021055828314788e-05,0.8584650300772874
23,0.016736755778305676,0.9090862735400596,0.9905035451358372,-0.019737553,0.019737553,0.04139489967744107,0.0006928163263687956,0.0006928163263687956,False,False,0.908283139423778,0.05683993557848735,0.8428564531147599,0.9900814233934792,0.11333928763391247,0.9253487436609763
24,0.3161849746561728,0.028525041578794322,0.15013179778312802,0.013554327,0.013554327,1.5447737138710878,0.48843423756985177,0.48843423756985177,False,False,0.009634960473922571,3.637158517952718e-09,0.6920491919411225,0.06216103531562949,9.092896294881795e-08,0.866714921916851
25,0.04470406366452422,0.6801109415141542,0.9270832228024526,0.021829057,0.021829057,0.16742023823866473,0.00748436498895108,0.00748436498895108,False,False,0.6778857700968366,0.07494462078475769,0.6504936029242024,0.9166047722730137,0.1398808292824867,0.8584650300772874
26,-0.5106874458583701,3.3409572980597084e-06,2.6727658384477667e-05,-0.13886042,0.13886042,5.476129075195616,2.7965903706024076,-2.7965903706024076,False,True,3.2590189012679416e-07,2.3123161411146267e-06,0.6062244454887364,2.8339294793634275e-06,2.1021055828314788e-05,0.8584650300772874
27,0.3150707137592357,0.02199565485575549,0.1256894563186028,-0.00254235,0.00254235,1.6576631036572287,0.522281097241633,0.522281097241633,False,False,0.02279820031032563,0.4537405278699026,0.5911111356978591,0.12323351519094936,0.6009808316157651,0.8584650300772874
28,-0.4984258476437084,2.213749949418016e-06,1.8447916245150136e-05,-0.11158934,0.11158934,5.654871435725066,2.81853408866746,-2.81853408866746,False,True,2.593961505307791e-06,0.7175970899245533,0.7199118820184462,2.075169204246233e-05,0.833223952389619,0.8762577297471079
29,0.006690944959494447,0.9409783678790453,0.9905035451358372,-0.006248995,0.006248995,0.02642036043963895,0.00017677717751162875,0.00017677717751162875,False,False,0.9406720793729448,0.21751862442596706,0.22852379211930812,0.9900814233934792,0.33987285066557354,0.8584650300772874
30,-0.1615112112345716,0.26285842903033607,0.7990776359045016,-0.016030028,0.016030028,0.5802780919852214,0.09372141748941926,-0.09372141748941926,False,False,0.24260851801594235,0.0017307847773869193,0.5150195814513965,0.7242045313908727,0.006531263310894035,0.8584650300772874
31,-0.12609784453078873,0.2846504249409867,0.801390874690006,-0.034000203,0.034000203,0.5456881635145172,0.06881010120514522,-0.06881010120514522,False,False,0.2873629424714765,0.6254891189272985,0.4185839974389005,0.7703320778306652,0.762791608447925,0.8584650300772874
32,0.6357236568411904,1.7367045966737696e-06,1.510177910151104e-05,0.076074466,0.076074466,5.76027404623037,3.6619424810769705,3.6619424810769705,True,False,2.3604607624632155e-07,2.0437168206876817e-05,0.3372220052442688,2.145873420421105e-06,0.0001409459876336332,0.8584650300772874
33,-0.054702525246677146,0.6274330698127006,0.9270832228024526,-0.0020038802,0.0020038802,0.20243259488487828,0.01107357413244042,-0.01107357413244042,False,False,0.6303224291493159,0.801400304765352,0.5940591270988709,0.9166047722730137,0.8904447830726133,0.8584650300772874
34,0.6710657972710001,4.2031798605689645e-10,1.4010599535229882e-08,0.115956925,0.115956925,9.376422025464153,6.292196122067468,6.292196122067468,True,False,4.862134017654836e-10,0.3298871983240256,0.6746462207840398,1.080474226145519e-08,0.4646298567944022,0.866714921916851
35,-0.0011500825441952763,0.992082427479076,0.9990455559468623,-0.002100839,0.002100839,0.0034522428537416545,3.970364244411163e-06,-3.970364244411163e-06,False,False,0.9920168383085557,0.06005758652567371,0.9812131744836547,0.9989852385619966,0.11773246469485107,0.9967176354203964
36,-0.7558776240976294,1.6795451705060165e-11,1.6795451705060164e-09,-0.29910803,0.29910803,10.774808311537884,8.144436506632646,-8.144436506632646,False,True,2.2670388091883547e-12,0.001440786159815406,0.10404627189287571,1.9884329667663325e-10,0.005880759835981249,0.8584650300772874
37,-0.07843029435790963,0.4477399107211596,0.89902493633073,-0.02602783,0.02602783,0.34897419167099064,0.02737014857606937,-0.02737014857606937,False,False,0.45151484403149966,0.6943033547792271,0.6325581557105405,0.8762298938834648,0.8216607748866593,0.8584650300772874
38,0.11813206577321564,0.35779494515521015,0.8578960412889909,-0.0035269842,0.0035269842,0.44636579933797593,0.052730113966307744,0.052730113966307744,False,False,0.34093154972134865,0.0038906282871933365,0.5297337649433113,0.8312187457472726,0.012550413829655925,0.8584650300772874
39,-0.07209663482007557,0.6252263896049559,0.9270832228024526,0.00079296815,0.00079296815,0.20396269953010898,0.014705024264939066,-0.014705024264939066,False,False,0.6196385821806041,0.025685326319111187,0.784800578767746,0.9166047722730137,0.06342055881262022,0.8969149471631382
40,-0.09367905782215219,0.34007112910069837,0.8396818002486379,0.004143753,0.004143753,0.46843023664850797,0.043882103224640014,-0.043882103224640014,False,False,0.34495577948511813,0.831722586597762,0.9892732551592189,0.8312187457472726,0.9088218460590415,0.9967176354203964
41,0.03738975287131559,0.7156102492093415,0.9270832228024526,-0.0006355738,0.0006355738,0.14532344794929133,0.005433607805231497,0.005433607805231497,False,False,0.7024348859789566,0.002776386957084043,0.1296904325295396,0.9166047722730137,0.0100188814948692,0.8584650300772874
42,-0.15142194576830395,0.16505683854572295,0.5896795502483706,-0.04170599,0.04170599,0.7823664775066698,0.11846745432795394,-0.11846745432795394,False,False,0.16509463210156364,0.2998935310637304,0.34876592868031275,0.5646790808513587,0.43150148354493584,0.8584650300772874
43,0.011102691851321877,0.9321761699827561,0.9905035451358372,0.010596473,0.010596473,0.030502003503062945,0.0003386543457424483,0.0003386543457424483,False,False,0.9322561737285445,0.2428277770403238,0.5396060758599746,0.9900814233934792,0.3707294305959142,0.8584650300772874
44,0.08569045880273941,0.43000000189479504,0.8959680281766282,0.006966322,0.006966322,0.3665315425066948,0.03140825604307446,0.03140825604307446,False,False,0.41801703399660417,0.012955837330856847,0.3717106945774632,0.8762298938834648,0.03409430876541276,0.8584650300772874
45,-0.21966556120550437,0.08453744562289421,0.3757219805461965,0.007113338,0.007113338,1.0729508789181854,0.23569035696350238,-0.23569035696350238,False,False,0.08583054987108332,0.9405287086107225,0.28125884166290327,0.37317630378731875,0.9826439459246546,0.8584650300772874
46,0.11968152967035621,0.14028717484597925,0.5418025243431311,-0.0041163694,0.0041163694,0.8529820306695364,0.1020861942118568,0.1020861942118568,False,False,0.12131517442136872,0.0007414878748990544,0.7823453715485524,0.48526069768547486,0.0032955016662180197,0.8969149471631382
47,0.12117465614951094,0.3453837590794919,0.8423994123890047,0.015767058,0.015767058,0.4616980880424139,0.055946107063426134,0.055946107063426134,False,False,0.3236135387819361,0.0013229858524720773,0.554537177576656,0.7990457747702127,0.005512441051966989,0.8584650300772874
48,-0.10165265981737347,0.3908158649929825,0.8684796999844054,-0.033210963,0.033210963,0.40802781460767595,0.04147711263434041,-0.04147711263434041,False,False,0.38969909899168187,0.13324628806670552,0.6727165941348896,0.8555559168198557,0.2239433412885807,0.866714921916851
49,0.041815343544008024,0.6986230055135181,0.9270832228024526,0.00064628274,0.00064628274,0.15575711723391616,0.006513037366560537,0.006513037366560537,False,False,0.700037091256176,0.3994029247254134,0.5702780618990593,0.9166047722730137,0.5397336820613694,0.8584650300772874
50,-0.020357469879137734,0.8559371616894069,0.9905035451358372,-0.0063101975,0.0063101975,0.06755811772153017,0.0013753123466072915,-0.0013753123466072915,False,False,0.8453048642861757,8.778776587291041e-05,0.5210897536566981,0.9869791802328073,0.0005163986227818259,0.8584650300772874
51,0.36008637621238987,6.178627855465996e-05,0.00042611226589420664,0.06025408,0.06025408,4.209107961960492,1.5156424331090714,1.5156424331090714,True,False,6.985258097340885e-05,0.9433381880876686,0.4848047451261708,0.0004817419377476472,0.9826439459246546,0.8584650300772874
52,-0.043292435104871956,0.6786741200301428,0.9270832228024526,-0.0026685758,0.0026685758,0.168338711501619,0.007287792743321603,-0.007287792743321603,False,False,0.6495761178330297,9.828806454495331e-06,0.7741835817564995,0.9166047722730137,7.560620349611793e-05,0.8969149471631382
53,-0.5128115037514018,3.9233622469127674e-08,5.231149662550356e-07,-0.31408226,0.31408226,7.40634159129125,3.7980571687266163,-3.7980571687266163,False,True,4.654683477145132e-09,7.660462923743772e-05,0.6479588299331138,7.757805795241887e-08,0.00047877893273398577,0.8584650300772874
54,-0.27775425663892406,0.016464664622257714,0.0997858461955013,-0.04422516,0.04422516,1.7834471112433736,0.49536002663823975,-0.49536002663823975,False,False,0.01324098924160416,0.0038392239710587027,0.8394891077438473,0.07566279566630948,0.012550413829655925,0.9253487436609763
55,-0.5317774283532951,7.297378227506144e-07,6.633980206823767e-06,-0.08096832,0.08096832,6.1368331434195476,3.2634293472409155,-3.2634293472409155,False,True,3.6867739061740417e-07,0.016794031028094476,0.13930012249953133,3.0723115884783677e-06,0.04306161802075507,0.8584650300772874
56,0.06312579118031926,0.582349300760173,0.9270832228024526,-0.000958658,0.000958658,0.23481644165951956,0.014822973661904453,0.014822973661904453,False,False,0.5791189148168772,0.7207387188170205,0.06210836682727546,0.9166047722730137,0.833223952389619,0.8584650300772874
57,0.17457938081634397,0.07168734131046188,0.3258970546887034,0.0034661125,0.0034661125,1.1445575261226364,0.1998161442191763,0.1998161442191763,False,False,0.047058001489849025,1.5789947810785993e-05,0.09147683039707181,0.22830714043270195,0.00011278534150561425,0.8584650300772874
58,0.10517090213056456,0.3307641247559616,0.8269103118899042,0.028558116,0.028558116,0.48048160088923647,0.05053268342265887,0.05053268342265887,False,False,0.23972795118688278,3.3589774123023635e-09,0.026844482660205733,0.7242045313908727,9.092896294881795e-08,0.8584650300772874
59,0.0998012261026297,0.30868907445790805,0.801390874690006,0.029673332,0.029673332,0.5104787413847992,0.05094640428953018,0.05094640428953018,False,False,0.3081328311322661,0.6461649484642374,0.16442905000231653,0.7703320778306652,0.7832302405627121,0.8584650300772874
60,-0.0057648581133650624,0.9611565501458866,0.990883041387512,0.023423757,0.023423757,0.017205870055395093,9.918939958634938e-05,-9.918939958634938e-05,False,False,0.9603789806916748,0.023591473343582477,0.4210513555654207,0.9900814233934792,0.05935222453840037,0.8584650300772874
61,-0.0962607238794927,0.4321611104188684,0.8959680281766282,-0.00034485396,0.00034485396,0.36435431725471856,0.035073010327557545,-0.035073010327557545,False,False,0.43253689175973786,0.18132585976626447,0.8480996657130682,0.8762298938834648,0.29246106413913625,0.9253487436609763
62,0.7005802844642309,4.694734293702757e-08,5.868417867128446e-07,0.092921436,0.092921436,7.328388982321005,5.134124837898986,5.134124837898986,True,False,1.5275774376324918e-08,0.008102072849441207,0.08394030486484684,2.1955612947098222e-07,0.023484269128815093,0.8584650300772874
63,-0.06132305929648883,0.6122101062405028,0.9270832228024526,-0.0071839266,0.0071839266,0.21309950543411724,0.013067913607788816,-0.013067913607788816,False,False,0.6059724916609657,0.026588340469188728,0.5180400908912464,0.9166047722730137,0.06484961090046032,0.8584650300772874
64,-0.056954377442409186,0.6536844605345337,0.9270832228024526,0.0030106585,0.0030106585,0.184631839011929,0.010515591446971534,-0.010515591446971534,False,False,0.6566152517869388,0.6882208372264119,0.8015023660029104,0.9166047722730137,0.8216607748866593,0.9056523909637405
65,0.7389430052372596,1.653248556606675e-09,3.6738856813481664e-08,0.21303779,0.21303779,8.781661847791094,6.489147596784138,6.489147596784138,True,False,6.506534656816419e-13,1.323616096623913e-10,0.06138986710348619,1.3013069313632839e-10,7.205172379706954e-09,0.8584650300772874
66,0.7732282486197047,1.139385830418042e-09,2.848464576045105e-08,0.16177627,0.16177627,8.943329185800454,6.915234763165976,6.915234763165976,True,False,4.0647069727087205e-10,0.00587788742809808,0.3981662420750255,1.0161767431771801e-08,0.017811780085145695,0.8584650300772874
67,-0.07716380676760934,0.4213537560513526,0.8959680281766282,-0.04534172,0.04534172,0.37535313031730916,0.02896367641742213,-0.02896367641742213,False,False,0.4152855067810295,0.0414810595739714,0.5592085958660351,0.8762298938834648,0.09059605471388373,0.8584650300772874
68,-0.16158170191692145,0.2002792090624516,0.6460619647175858,-0.013805309,0.013805309,0.698364132374442,0.11284286506679655,-0.11284286506679655,False,False,0.15464999887497866,3.3948400450164604e-06,0.32802380208025805,0.5623636322726496,2.952034821753444e-05,0.8584650300772874
69,0.16453366668787062,0.15463343906746382,0.5835224115753352,-0.0022518178,0.0022518178,0.810696585242073,0.13338688174121413,0.13338688174121413,False,False,0.1533155162519832,0.7329885723688625,0.11425041738391055,0.5623636322726496,0.8357105605706738,0.8584650300772874
70,0.5849248205649615,7.537730894253674e-08,7.998982543709038e-07,0.12728895,0.12728895,7.122759371426991,4.166278747259331,4.166278747259331,True,False,7.929607626681078e-08,0.2837341743142589,0.587360810192854,7.929607626681079e-07,0.41725613869743955,0.8584650300772874
71,0.11509543228430164,0.19788984330559914,0.6460619647175858,0.016167182,0.016167182,0.7035764953819206,0.0809784408810561,0.0809784408810561,False,False,0.19664252100386415,0.842324280559511,0.12735489434669026,0.6343307129156908,0.91062084384812,0.8584650300772874
72,-0.031013083388718818,0.7702520434977813,0.9502662260546285,-0.005170467,0.005170467,0.11336714081545804,0.003515864591650429,-0.003515864591650429,False,False,0.771595435084123,0.8319733815381437,0.37633107533011634,0.9388816610131349,0.9088218460590415,0.8584650300772874
73,0.003233538863840338,0.9811334246160999,0.9960745427574618,-0.002381261,0.002381261,0.008271928772624414,2.674760316520015e-05,2.674760316520015e-05,False,False,0.9809567846187042,0.0606322193178483,0.6247326633937245,0.9958952128108672,0.11773246469485107,0.8584650300772874
74,-0.06410060119973382,0.5028960595786778,0.9050334807428563,-0.009286247,0.009286247,0.2985217672622326,0.019135424752716127,-0.019135424752716127,False,False,0.5043650660835484,0.3987688761784638,0.4396373532948392,0.8889142006480557,0.5397336820613694,0.8584650300772874
75,-0.02820603493188284,0.8306220059191739,0.9829846223895549,-0.0037287988,0.0037287988,0.08059656717910665,0.0022733095892437244,-0.0022733095892437244,False,False,0.8029804428765276,2.246244943643472e-08,0.6933719375334808,0.9591174226258161,4.4924898872869436e-07,0.866714921916851
76,-0.04808313713067922,0.6392629931792945,0.9270832228024526,-0.019914715,0.019914715,0.19432043606858312,0.009343536174779067,-0.009343536174779067,False,False,0.6197686198519787,0.002805286818563376,0.03930097118870872,0.9166047722730137,0.0100188814948692,0.8584650300772874
77,-0.10932358608592764,0.37747425816715596,0.8578960412889909,0.0021141153,0.0021141153,0.42311265970934514,0.046256193277780404,-0.046256193277780404,False,False,0.3818429435211026,0.9838390236111532,0.6390818527113988,0.8555559168198557,0.989257880071221,0.8584650300772874
78,0.542436508479545,1.243485638355566e-07,1.243485638355566e-06,0.16395321,0.16395321,6.9053592262516625,3.7457189484849645,3.7457189484849645,True,False,1.576388684413903e-07,0.69263525460256,0.6438561986940323,1.5013225565846696e-06,0.8216607748866593,0.8584650300772874
79,0.17412985104158446,0.17839839581737152,0.6090909399113131,0.0062074596,0.0062074596,0.7486090551773613,0.1303551832664152,0.1303551832664152,False,False,0.15247264934027796,0.0002456631279224052,0.5025113412190401,0.5623636322726496,0.0012283156396120261,0.8584650300772874
80,-0.03177373734222615,0.7841551616406373,0.9502662260546285,0.020569418,0.020569418,0.10559799448770871,0.003355242940718301,-0.003355242940718301,False,False,0.7493265066495185,2.5306262184417796e-08,0.48246813321998705,0.930103642476667,4.601138578985054e-07,0.8584650300772874
81,-0.10860635355544591,0.38630311582412724,0.8680968894924207,-0.012009711,0.012009711,0.4130717889305931,0.04486222075237652,-0.04486222075237652,False,False,0.38817245068065176,0.9868686084671242,0.27175504109330556,0.8555559168198557,0.989257880071221,0.8584650300772874
82,-0.0031518302508485303,0.9699367959178029,0.9948069701721055,0.007393949,0.007393949,0.013256564783702992,4.1782441907608394e-05,-4.1782441907608394e-05,False,False,0.9687910162513916,0.005238571611527234,0.22951237745680317,0.9936318115398888,0.016118681881622257,0.8584650300772874
83,-0.5731481144568836,7.599033416523587e-08,7.998982543709038e-07,-0.14754115,0.14754115,7.119241645688515,4.080379925589294,-4.080379925589294,False,True,6.57478558826836e-08,0.21970480028780018,0.18488740261600703,6.920826935019327e-07,0.34062759734542664,0.8584650300772874
84,-0.05987275048852227,0.6041657165025499,0.9270832228024526,-0.0006843033,0.0006843033,0.21884392248577425,0.013102787566920269,-0.013102787566920269,False,False,0.5987387137078612,0.029819011645642622,0.7486120066522347,0.9166047722730137,0.07099216834242403,0.8965413253320176
85,0.0641573601536156,0.6344145116277153,0.9270832228024526,0.002366943,0.002366943,0.19762689150419807,0.012679219654274352,0.012679219654274352,False,False,0.5470356748766825,1.0256992899297886e-11,0.2388556519491128,0.914809376570128,2.0513985798595775e-09,0.8584650300772874
86,-0.03575937972163785,0.7887209676253417,0.9502662260546285,0.0015974626,0.0015974626,0.10307661358890662,0.0036859557657462475,-0.0036859557657462475,False,False,0.7745773703358363,0.0001574141758359581,0.49609702758468843,0.9388816610131349,0.0008284956622945164,0.8584650300772874
87,-0.039163989540128404,0.7154974912464036,0.9270832228024526,0.0058314037,0.0058314037,0.1453918846711559,0.0056941262504807055,-0.0056941262504807055,False,False,0.717042479051716,0.4787741636739674,0.5386247993694537,0.9166047722730137,0.6195494321413888,0.8584650300772874
88,0.06442501683038204,0.5899932380769717,0.9270832228024526,0.0022414306,0.0022414306,0.22915296578613847,0.014763183677503932,0.014763183677503932,False,False,0.5053932961732708,7.606662737242524e-11,0.5927020775790015,0.8889142006480557,7.205172379706954e-09,0.8584650300772874
89,-0.03681151457290666,0.7155056459524791,0.9270832228024526,0.005569843,0.005569843,0.14538693493518662,0.005351913274076855,-0.005351913274076855,False,False,0.7180210080825462,0.6505878370731341,0.9888686856373436,0.9166047722730137,0.7838407675579929,0.9967176354203964
90,0.022056562847768243,0.803903645370229,0.9627588567308131,0.0074177664,0.0074177664,0.09479600198753155,0.0020908739755551528,0.0020908739755551528,False,False,0.8056586350056856,0.8893196699615,0.6567257480091249,0.9591174226258161,0.9460847552781916,0.8584650300772874
91,-0.0518768205877991,0.6497356911284247,0.9270832228024526,-0.0014606173,0.0014606173,0.18726327601685985,0.009714623372610141,-0.009714623372610141,False,False,0.6523870158321177,0.7538172394055833,0.5761237011309499,0.9166047722730137,0.8469856622534644,0.8584650300772874
92,-0.15553956191655796,0.219211858400106,0.6850370575003313,-0.038663376,0.038663376,0.6591359561254855,0.10252171785920958,-0.10252171785920958,False,False,0.2212695234754497,0.370626451120867,0.5615211290844211,0.6914672608607804,0.5112088980977476,0.8584650300772874
93,-0.2582487818717664,0.06373484834312021,0.30349927782438196,-0.00711742,0.00711742,1.1956230432559873,0.30876819449867304,-0.30876819449867304,False,False,0.051972763304593154,0.0015038727175953452,0.335061533239422,0.24173378281206118,0.005897540069001353,0.8584650300772874
94,0.009515427621308872,0.9291791499266828,0.9905035451358372,0.010345415,0.010345415,0.0319005440002811,0.0003035473175150538,0.0003035473175150538,False,False,0.9293835226878744,0.35323525946816814,0.45746763373527677,0.9900814233934792,0.49403532792750793,0.8584650300772874
95,-0.2777887808888843,0.03559363124110443,0.18253144226207402,-0.026984053,0.026984053,1.4486277032710164,0.4024125236535201,-0.4024125236535201,False,False,0.03626723277997564,0.9881469669611683,0.25173290534426573,0.18598580912808022,0.989257880071221,0.8584650300772874
96,0.09110032037405967,0.39615355192553936,0.8706671470890974,0.0043297145,0.0043297145,0.402136445821589,0.03663475904843244,0.03663475904843244,False,False,0.3935557217371336,0.10345366142234348,0.5303194031156966,0.8555559168198557,0.18149765161814646,0.8584650300772874
97,-0.2187007441580637,0.05554766614209054,0.2709642250833685,-0.031750537,0.031750537,1.2553341834000595,0.27454252007664826,-0.27454252007664826,False,False,0.04794449949086741,0.003983350748018685,0.8217113848630764,0.22830714043270195,0.012645557930218048,0.9203077015277891
98,0.04134246542118342,0.723124913785913,0.9270832228024526,0.01215718,0.01215718,0.14078667548264293,0.005820468262904537,0.005820468262904537,False,False,0.7121107161303529,0.0025171801198415056,0.4163348529537789,0.9166047722730137,0.009322889332746317,0.8584650300772874
99,0.04192748039707199,0.6877745002191399,0.9270832228024526,-0.0049654525,0.0049654525,0.16255393002521654,0.006815476714599278,0.006815476714599278,False,False,0.6817070874900842,0.016319659618549292,0.7699093122784667,0.9166047722730137,0.04238872628194621,0.8969149471631382
100,0.10901441312722263,0.37567864609099233,0.8578960412889909,-0.0046911607,0.0046911607,0.42518348992041105,0.04635112862505799,0.04635112862505799,False,False,0.3619916189879494,0.04341256269188936,0.060021502019041,0.8462091290656015,0.09236715466359438,0.8584650300772874
101,0.09588175172092248,0.47620394298375446,0.9050334807428563,0.0005842537,0.0005842537,0.32220701294416426,0.03089377281785241,0.03089377281785241,False,False,0.4556395448194017,0.02374088981536015,0.014237758178771532,0.8762298938834648,0.05935222453840037,0.8584650300772874
102,0.044386123742112565,0.6922064799555601,0.9270832228024526,0.00021857454,0.00021857454,0.15976433946002122,0.00709131974084938,0.00709131974084938,False,False,0.6889612973141546,0.05523621942443122,0.5189557681287097,0.9166047722730137,0.11158832206955802,0.8584650300772874
103,0.09526057669267067,0.3650614826314509,0.8578960412889909,0.0009638169,0.0009638169,0.4376339867245001,0.04168926595568846,0.04168926595568846,False,False,0.3681009711435367,0.7588854271779923,0.41273336438626473,0.8462091290656015,0.8479166784111647,0.8584650300772874
104,0.07624421346879046,0.5690728879937283,0.9270832228024526,0.012052651,0.012052651,0.24483210473642586,0.018667031257537315,0.018667031257537315,False,False,0.5476640204353309,0.00045425894273838706,0.736871482872723,0.914809376570128,0.002112832291806451,0.8877969673165337
105,0.05823612152566419,0.5520151408424678,0.9270832228024526,-0.012274558,0.012274558,0.25804901014370735,0.015027773514306291,0.015027773514306291,False,False,0.5242060811303493,0.00011724910165922242,0.5927298263004095,0.8960787711629903,0.0006337789278876888,0.8584650300772874
106,0.051806684536197585,0.6529970957095963,0.9270832228024526,0.00221322,0.00221322,0.18508875030241628,0.009588834498116325,0.009588834498116325,False,False,0.6549977962491123,0.5200069058055881,0.5502490303027404,0.9166047722730137,0.6582365896273267,0.8584650300772874
107,0.02812140519451449,0.7789592748006415,0.9502662260546285,-0.021650938,0.021650938,0.10848524732318979,0.0030507575976025385,0.0030507575976025385,False,False,0.7533839504061002,1.2298068123367487e-06,0.9967176354203964,0.930103642476667,1.4468315439255868e-05,0.9967176354203964
108,-0.14054118422973436,0.3650623697585037,0.8578960412889909,-0.0006565536,0.0006565536,0.4376329313572976,0.06150545043088465,-0.06150545043088465,False,False,0.35992398684439464,0.07345766552328734,0.3521395413820345,0.8462091290656015,0.1398808292824867,0.8584650300772874
109,0.053966688546279507,0.6298349367808407,0.9270832228024526,0.01667236,0.01667236,0.20077325282886563,0.010835067603838823,0.010835067603838823,False,False,0.6309388187942166,0.25034522494475286,0.8743963741003562,0.9166047722730137,0.3777401395026596,0.9351832878078675
110,0.12181482835431265,0.2926772168354173,0.801390874690006,0.002337041,0.002337041,0.5336110834690652,0.06500174254074297,0.06500174254074297,False,False,0.29405840361362257,0.2616036707742728,0.7147568118133346,0.7703320778306652,0.3904532399616012,0.8762577297471079
111,-0.303811173339921,0.013507316221992123,0.08442072638745077,-0.07273132,0.07273132,1.8694309326777305,0.5679540051347642,-0.5679540051347642,False,False,0.011879870561868048,0.03185430318883452,0.4712405984937672,0.07199921552647301,0.07407977485775469,0.8584650300772874
112,-0.17322845384778415,0.07169735203151474,0.3258970546887034,-0.034159433,0.034159433,1.1444968836535017,0.19825942558890342,-0.19825942558890342,False,False,0.0702122912556327,0.11722648830321626,0.4521039481483926,0.312054627802812,0.19868896322579027,0.8584650300772874
113,0.05273772207496168,0.6721836871399743,0.9270832228024526,0.0070671737,0.0070671737,0.17251203139504254,0.009097891566298817,0.009097891566298817,False,False,0.6747051503292516,0.9683053189171893,0.5292033344039243,0.9166047722730137,0.9880666519563156,0.8584650300772874
114,0.18631969012330135,0.1326701432739254,0.5343208282722133,0.020872522,0.020872522,0.8772268018552835,0.1634446258895311,0.1634446258895311,False,False,0.13651376616325558,0.824466858474407,0.8831353442424164,0.5353481026010023,0.9088218460590415,0.9395056853642727
115,-0.12778921902029775,0.3165493955025524,0.801390874690006,-0.04255279,0.04255279,0.49955851149065883,0.06383819203833373,-0.06383819203833373,False,False,0.25097186876723004,1.2721972683810597e-07,0.5240022045238415,0.7274546920789277,1.9572265667400917e-06,0.8584650300772874
116,-0.012662465667738673,0.9175724840150247,0.9905035451358372,0.0022947376,0.0022947376,0.037359618449873816,0.0004730648859813435,-0.0004730648859813435,False,False,0.9126494685159725,0.00032096833421169026,0.6807334626824622,0.9900814233934792,0.001565699191276538,0.866714921916851
117,0.06935547028697334,0.5213274007034061,0.906656349049402,0.00756686,0.00756686,0.28288944817569384,0.019619930717447616,0.019619930717447616,False,False,0.5209583871920327,0.49362025836545087,0.1934693078891711,0.8960787711629903,0.6328464850839114,0.8584650300772874
118,0.04055145360868809,0.6546692142861562,0.9270832228024526,-0.009575581,0.009575581,0.18397808122555412,0.007460578625833506,0.007460578625833506,False,False,0.6501315266086333,0.0959182205826645,0.1700082380756433,0.9166047722730137,0.1732767754970062,0.8584650300772874
119,-0.07886547282528099,0.49059508588655665,0.9050334807428563,-0.016176382,0.016176382,0.309276806278513,0.02439126156104776,-0.02439126156104776,False,False,0.48575565899502005,0.044490612199013686,0.8282769313750101,0.8889142006480557,0.09268877541461185,0.9203077015277891
120,0.05497647275597212,0.6320032376384472,0.9270832228024526,-0.0018549071,0.0018549071,0.1992806968997187,0.010955749803898521,0.010955749803898521,False,False,0.6324905494409874,0.20370216898960022,0.7637476492888873,0.9166047722730137,0.3233367761739686,0.8969149471631382
121,-0.15616762345503327,0.26633988806097053,0.7990776359045016,0.013318386,0.013318386,0.5745637871190103,0.0897282611576995,-0.0897282611576995,False,False,0.269861272001369,0.48015080990957626,0.8552826449055414,0.7601725971869548,0.6195494321413888,0.9253487436609763
122,-0.026041486074866668,0.7515645998045473,0.9453642764837072,0.00063045294,0.00063045294,0.12403368422826211,0.0032300214606446973,-0.0032300214606446973,False,False,0.7495893306016381,0.06423560785947555,0.7229126270413639,0.930103642476667,0.12353001511437604,0.8762577297471079
123,-0.11900279547184019,0.30922125805946155,0.801390874690006,-0.037215784,0.037215784,0.5097306572486433,0.06065937315028697,-0.06065937315028697,False,False,0.30253953984879406,0.735929922007909,0.03341803231077284,0.7703320778306652,0.8357105605706738,0.8584650300772874
124,-0.16858526960469994,0.12399077754420779,0.5166282397675325,-0.017267868,0.017267868,0.9066106165362527,0.1528411952152474,-0.1528411952152474,False,False,0.10871018359638895,0.0015546323213848417,0.9647770368906652,0.45295909831828735,0.005979355082249392,0.9967176354203964
125,0.059975941323509085,0.6368879218307091,0.9270832228024526,0.015193764,0.015193764,0.1959369871514134,0.011751505244498323,0.011751505244498323,False,False,0.6074833691818098,2.278006291534918e-05,0.6246472089967612,0.9166047722730137,0.00014841901352305982,0.8584650300772874
126,0.04465669037487947,0.7378073887349774,0.9339334034619967,0.004129606,0.004129606,0.13205699986719685,0.0058972285549049085,0.0058972285549049085,False,False,0.6981688839295438,5.9306169285974476e-08,0.3280832684559143,0.9166047722730137,9.884361547662413e-07,0.8584650300772874
127,0.013358016472110407,0.8986881964446473,0.9905035451358372,-0.0023310024,0.0023310024,0.046390962384824916,0.0006196912396935455,0.0006196912396935455,False,False,0.8993390425071143,0.44441070576133146,0.6922760267096462,0.9900814233934792,0.5925476076817753,0.866714921916851
128,0.05792347259173508,0.5592174055526136,0.9270832228024526,-0.004472696,0.004472696,0.2524193197054814,0.014621003546584868,0.014621003546584868,False,False,0.5617376396651068,0.3951161018771674,0.9730986554378674,0.9166047722730137,0.5397336820613694,0.9967176354203964
129,0.018743851091174275,0.8692847536969367,0.9905035451358372,0.00089592574,0.00089592574,0.060837937357861104,0.001140337238529937,0.001140337238529937,False,False,0.86779480849881,0.042050000067001235,0.9169994991727122,0.9900814233934792,0.09059605471388373,0.965262630708118
130,0.14517831559244912,0.16511027406954376,0.5896795502483706,0.01587652,0.01587652,0.7822259017046052,0.11356223882225926,0.11356223882225926,False,False,0.1694037242554076,0.9278191017609567,0.855947587886403,0.5646790808513587,0.9766516860641651,0.9253487436609763
131,-0.05381912550887131,0.6182151092386864,0.9270832228024526,-0.0031379394,0.0031379394,0.208860384942723,0.011240683271063584,-0.011240683271063584,False,False,0.6178842242223868,0.44408408144903366,0.20796848111137267,0.9166047722730137,0.5925476076817753,0.8584650300772874
132,-0.04152437927966267,0.6950566114380997,0.9270832228024526,-0.0010071034,0.0010071034,0.1579798212603866,0.006560014016549609,-0.006560014016549609,False,False,0.68085188532005,0.0008895215412501346,0.7163613332994315,0.9166047722730137,0.0037851980478729127,0.8762577297471079
133,0.04143318884612555,0.7135015108602917,0.9270832228024526,0.0045055635,0.0045055635,0.14660510291710876,0.006074316914970239,0.006074316914970239,False,False,0.7062245634221873,0.10252308217732331,0.03507550385533635,0.9166047722730137,0.18145678261473153,0.8584650300772874
134,-0.07351417046964875,0.4911599325805909,0.9050334807428563,0.0051891934,0.0051891934,0.3087770689208351,0.022699490081764754,-0.022699490081764754,False,False,0.4941500630056912,0.5113869894301768,0.6337422249613378,0.8889142006480557,0.6514483941785691,0.8584650300772874
135,-0.6669724916363333,4.0437914445049955e-10,1.4010599535229882e-08,-0.24051835,0.24051835,9.393211250913941,6.265013512488511,-6.265013512488511,False,True,1.5198261047435566e-10,0.009099769540596513,0.6545468452094618,5.066087015811856e-09,0.025469839156174914,0.8584650300772874
136,0.06349523693492068,0.4945753885525692,0.9050334807428563,-0.0057175998,0.0057175998,0.3057674991388017,0.019414779804816366,0.019414779804816366,False,False,0.4769928097887136,0.0029019010292303743,0.33837686633734,0.8889142006480557,0.010182108874492541,0.8584650300772874
137,-0.08910009334968669,0.41287737104111044,0.8959680281766282,-0.020744732,0.020744732,0.38417891925968434,0.03423037756901962,-0.03423037756901962,False,False,0.378729431281874,9.525652750575687e-05,0.3936892765356057,0.8555559168198557,0.0005443230143186107,0.8584650300772874
138,-0.07190363001776391,0.49163578710943634,0.9050334807428563,-0.006138084,0.006138084,0.3083565115088005,0.02217195251709715,-0.02217195251709715,False,False,0.4853828491855732,0.03488751666890943,0.5848104812712437,0.8889142006480557,0.0792898106111578,0.8584650300772874
139,-0.13223674590947668,0.43833269433350874,0.8959680281766282,0.0026017854,0.0026017854,0.35819613500635733,0.047366691290592275,-0.047366691290592275,False,False,0.42976330049342215,0.8361160983743181,0.018831124693168992,0.8762298938834648,0.9088218460590415,0.8584650300772874
140,-0.017803630301886468,0.8891282297702281,0.9905035451358372,0.019506315,0.019506315,0.05103560071069329,0.0009086189672878777,-0.0009086189672878777,False,False,0.8876349367688507,0.07435863777301685,0.2366373868577479,0.9900814233934792,0.1398808292824867,0.8584650300772874
141,0.032556526626898494,0.6753165111935523,0.9270832228024526,-0.008180028,0.008180028,0.17049263183973437,0.005550647908180314,0.005550647908180314,False,False,0.6740043950438683,0.27163798921431004,0.2067191029460036,0.9166047722730137,0.4024266506878667,0.8584650300772874
142,0.15396211844245186,0.27522532847071024,0.801390874690006,0.014075044,0.014075044,0.5603116012908373,0.08626676112261976,0.08626676112261976,False,False,0.22700125366016677,8.17404505726269e-06,0.15283180240208596,0.6984653958774363,6.811704214385575e-05,0.8584650300772874
143,0.006676553199053579,0.9559809719394903,0.9906538569321143,0.00067640364,0.00067640364,0.0195507519330236,0.00013053163536233168,0.00013053163536233168,False,False,0.9553606833327806,0.041595852658805235,0.4713270596225644,0.9900814233934792,0.09059605471388373,0.8584650300772874
144,0.00010852928307772126,0.9990455559468623,0.9990455559468623,-0.0067235003,0.0067235003,0.0004147077247209068,4.5007932050752997e-08,4.5007932050752997e-08,False,False,0.9989852385619966,0.00021675730843617662,0.9921837119232166,0.9989852385619966,0.0011115759406983418,0.9967176354203964
145,-0.07263737074901368,0.5080941657917543,0.9050334807428563,-0.00958142,0.00958142,0.29405579186198216,0.021359439574373598,-0.021359439574373598,False,False,0.5066810943693918,0.11421414578704138,0.7219797560209311,0.8889142006480557,0.19523785604622457,0.8762577297471079
146,0.2942480622209866,0.02627257858746563,0.14201393831062503,0.020119332,0.020119332,1.580497300211661,0.46505826793278215,0.46505826793278215,False,False,0.026350253147022825,0.29646493856566597,0.37789573413806876,0.1386855428790675,0.43150148354493584,0.8584650300772874
147,0.08335335948725486,0.54765884566499,0.9270832228024526,0.0038299998,0.0038299998,0.2614898933091732,0.021796061079283436,0.021796061079283436,False,False,0.5488856259420768,0.25119719276926866,0.7800816103377047,0.914809376570128,0.3777401395026596,0.8969149471631382
148,-0.1818988506098522,0.024725081060803046,0.1373615614489058,-0.021893341,0.021893341,1.6068622759005806,0.2922864010746468,-0.2922864010746468,False,False,0.02174200219134372,0.03368296322318442,0.18387299327314338,0.12078890106302066,0.07743209936364234,0.8584650300772874
149,0.009079545438499648,0.9406613556143094,0.9905035451358372,0.04995112,0.04995112,0.026566697357226422,0.0002412135358058058,0.0002412135358058058,False,False,0.9389278079027615,0.03541249285175315,0.07327902787896903,0.9900814233934792,0.0795786356219172,0.8584650300772874
150,-0.06649939101155106,0.5113439166197138,0.9050334807428563,-0.0020026967,0.0020026967,0.29128690641965205,0.019370401886545523,-0.019370401886545523,False,False,0.4911261187840711,0.00732888541900012,0.04206851259835065,0.8889142006480557,0.02155554535000035,0.8584650300772874
151,-0.011930307971898474,0.9286719279535718,0.9905035451358372,-0.015618916,0.015618916,0.03213768217795104,0.0003834124458859488,-0.0003834124458859488,False,False,0.9159978043395216,1.084424717246198e-08,0.34366213978900195,0.9900814233934792,2.409832704991551e-07,0.8584650300772874
152,-0.5886691507833995,6.1923930249299756e-06,4.5869577962444265e-05,-0.13570173,0.13570173,5.208141487218331,3.0658722264406064,-3.0658722264406064,False,True,5.6426086733083916e-06,0.29920807689608947,0.15813732717706117,4.179710128376586e-05,0.43150148354493584,0.8584650300772874
153,0.6765811032278058,2.4106950000257845e-10,1.2053475000128922e-08,0.14810582,0.14810582,9.617857732876303,6.507260795597532,6.507260795597532,True,False,2.9826494501494985e-12,2.0462019181650583e-06,0.06878464278402642,1.9884329667663325e-10,2.1021055828314788e-05,0.8584650300772874
154,-0.039467902307988,0.7167846355673069,0.9270832228024526,-0.002737383,0.002737383,0.14461131244170541,0.005707505152079159,-0.005707505152079159,False,False,0.7177743278063204,0.7307645865560943,0.28053470440123734,0.9166047722730137,0.8357105605706738,0.8584650300772874
155,-0.0031739379715239003,0.9771665418981357,0.9960745427574618,0.00463706,0.00463706,0.010031411651298639,3.183907834804402e-05,-3.183907834804402e-05,False,False,0.9773349039397685,0.7396038461050463,0.5009532290205381,0.9958952128108672,0.8357105605706738,0.8584650300772874
156,-0.017932719614695447,0.851946536234836,0.9905035451358372,-0.0073220213,0.0073220213,0.06958765845716153,0.001247895967755468,-0.001247895967755468,False,False,0.8526982353331709,0.46374419854158944,0.4968422471198891,0.9869791802328073,0.610189734923144,0.8584650300772874
157,-0.02622824376256364,0.7875225031163455,0.9502662260546285,-0.0006196802,0.0006196802,0.10373702758328401,0.0027208400466581613,-0.0027208400466581613,False,False,0.7847077456759064,0.04212716544195593,0.526183839066199,0.9454310188866342,0.09059605471388373,0.8584650300772874
158,0.12377833979933446,0.2842742208271771,0.801390874690006,0.008649799,0.008649799,0.5462625221601679,0.06761546808758273,0.06761546808758273,False,False,0.2819277244791484,0.10607644083279906,0.5700740610678234,0.7703320778306652,0.1844807666657375,0.8584650300772874
159,-0.4837189777942129,6.294125708774003e-08,7.404853775028239e-07,-0.18673263,0.18673263,7.201064587434606,3.483291601263973,-3.483291601263973,False,True,3.179254973985195e-08,0.010689445937589522,0.9108638322004982,3.7402999693943467e-07,0.02850518916690539,0.9638770711116382
160,-0.05497461517632822,0.6357647183332744,0.9270832228024526,-0.011461687,0.011461687,0.19670357685900466,0.010813703441631082,-0.010813703441631082,False,False,0.6377031930558916,0.36399977251827675,0.8699476419700609,0.9166047722730137,0.5055552396087177,0.9351832878078675
161,0.10483520833711418,0.30072252822385054,0.801390874690006,0.004912679,0.004912679,0.5218340360936196,0.05470657989127177,0.05470657989127177,False,False,0.3044502434587517,0.6011164325990972,0.6278161286617782,0.7703320778306652,0.742119052591478,0.8584650300772874
162,0.03337210808976785,0.722954371064422,0.9270832228024526,-0.005441564,0.005441564,0.14088911213876776,0.004701766678966381,0.004701766678966381,False,False,0.6709577646553617,1.6245784292331595e-09,0.6044111393710807,0.9166047722730137,5.415261430777199e-08,0.8584650300772874
163,-0.5655783543335702,2.747463791636525e-07,2.616632182510976e-06,-0.1616781,0.1616781,6.561068022360732,3.710798054757394,-3.710798054757394,False,True,9.97280801077426e-10,1.7072765046920969e-10,0.8271367807935318,1.994561602154852e-08,7.205172379706954e-09,0.9203077015277891
164,-0.04117778491557127,0.6811598944319923,0.9270832228024526,-0.028668215,0.028668215,0.16675093049750148,0.006866433950497489,-0.006866433950497489,False,False,0.6804431397278266,0.5978246156397247,0.14207312056383659,0.9166047722730137,0.742119052591478,0.8584650300772874
165,0.4557970817828948,1.3888807850923956e-05,9.920577036374255e-05,0.17932735,0.17932735,4.857335030431213,2.2139591321123753,2.2139591321123753,True,False,6.142430716216518e-06,0.00987918501064924,0.05308920415389106,4.3874505115832266e-05,0.027066260303148605,0.8584650300772874
166,0.07754860715109327,0.5035711093623748,0.9050334807428563,0.004600414,0.004600414,0.2979391939819945,0.02310476950902306,0.02310476950902306,False,False,0.4710223291408623,7.984777764402676e-05,0.3582792225844923,0.8889142006480557,0.00048392592511531374,0.8584650300772874
167,0.46818845297049566,8.517132655784729e-05,0.0005678088437189819,0.12047141,0.12047141,4.069706588491636,1.9053896317097325,1.9053896317097325,True,False,8.965719297490987e-05,0.2356786011277193,0.9884802501243888,0.0005977146198327325,0.36258246327341426,0.9967176354203964
168,0.010695169023804345,0.9200786112588311,0.9905035451358372,-0.0016340498,0.0016340498,0.036175065070303845,0.00038689843537402025,0.00038689843537402025,False,False,0.9122319938464416,1.2656543911197635e-05,0.30695221572378967,0.9900814233934792,9.375217711998248e-05,0.8584650300772874
169,-0.03385799738923026,0.7653900722911561,0.9502662260546285,0.012213978,0.012213978,0.11611717521464311,0.003931495015262179,-0.003931495015262179,False,False,0.7619054534624268,0.04701589167682295,0.32940839351258167,0.934853317131812,0.09693998283881021,0.8584650300772874
170,-0.13924796406128118,0.17968182727383739,0.6090909399113131,-0.035844885,0.035844885,0.7454958445036473,0.10380877856327833,-0.10380877856327833,False,False,0.18216389773515632,0.9665266406400483,0.34653493174115624,0.5972586810988733,0.9880666519563156,0.8584650300772874
171,-0.08483604722598304,0.30226287833705656,0.801390874690006,0.013075198,0.013075198,0.5196151863428913,0.0440820984879235,-0.0440820984879235,False,False,0.29951085852438314,0.09732950804541737,0.6006358726573222,0.7703320778306652,0.1738026929382453,0.8584650300772874
172,-0.514464493940498,4.405227870135448e-06,3.388636823181114e-05,-0.11621563,0.11621563,5.3560316218301764,2.7554880978541663,-2.7554880978541663,False,True,4.1381327587267685e-06,0.14083354959555558,0.4312928398309469,3.183179045174438e-05,0.2327827266042241,0.8584650300772874
173,0.09589577114565272,0.4315617404156704,0.8959680281766282,-0.009224876,0.009224876,0.36495706413478246,0.0349978391002584,0.0349978391002584,False,False,0.43166285317469844,0.2062553526229609,0.5559084348556296,0.8762298938834648,0.3248115789337967,0.8584650300772874
174,-0.14731801547570106,0.16133543443236534,0.5896795502483706,-0.018963985,0.018963985,0.7922702371469005,0.11671567905694444,-0.11671567905694444,False,False,0.16053638814777002,0.15467836894058404,0.5978522956179413,0.5632855724483159,0.2515095429928196,0.8584650300772874
175,0.7780675050255402,1.5597953039185304e-11,1.6795451705060164e-09,0.216968,0.216968,10.806932391524755,8.408522922853361,8.408522922853361,True,False,7.587840830707113e-12,0.19583865649750043,0.04691523290782664,3.7939204153535564e-10,0.31334185039600065,0.8584650300772874
176,0.03685010520925698,0.6976885798442114,0.9270832228024526,0.0063007157,0.0063007157,0.15633838573697045,0.005761085962652762,0.005761085962652762,False,False,0.6961894818375527,0.11252825453885543,0.4931944347430127,0.9166047722730137,0.19401423196354384,0.8584650300772874
177,0.014260357112254046,0.9272737300881801,0.9905035451358372,0.0004934547,0.0004934547,0.03279204372113076,0.0004676262539039727,0.0004676262539039727,False,False,0.9279048325126051,0.8546949474827331,0.6099972056883838,0.9900814233934792,0.9190268252502506,0.8584650300772874
178,0.13262482673149475,0.17023045449149207,0.5972998403210249,0.004265481,0.004265481,0.7689627413463884,0.10198355033403998,0.10198355033403998,False,False,0.1583083968074188,0.008567642718750582,0.45142557584473353,0.5632855724483159,0.024478979196430235,0.8584650300772874
179,-0.03090801278227261,0.7570796525187606,0.9463495656484507,0.00032766385,0.00032766385,0.12085842587700327,0.003735493771851764,-0.003735493771851764,False,False,0.7241177700956809,5.36586235639155e-07,0.10060296998293325,0.9166047722730137,6.707327945489437e-06,0.8584650300772874
180,0.02034446780302137,0.8833935450361947,0.9905035451358372,-0.020755153,0.020755153,0.05384577845933874,0.0010954637061946387,0.0010954637061946387,False,False,0.881500430048213,0.0572363402551258,0.22025005240342485,0.9900814233934792,0.11333928763391247,0.8584650300772874
181,0.13378847696553195,0.26769100802800805,0.7990776359045016,0.005127587,0.005127587,0.5723662168945232,0.07657600442484158,0.07657600442484158,False,False,0.24982411484097414,0.0036925208221192675,0.3638090114615331,0.7274546920789277,0.012308402740397557,0.8584650300772874
182,0.023851961183368197,0.8433289203057535,0.9905035451358372,-0.009719851,0.009719851,0.07400300614290493,0.0017651168299731266,0.0017651168299731266,False,False,0.8403019307712418,0.030171671545530212,0.31105236157219884,0.9869791802328073,0.07099216834242403,0.8584650300772874
183,-0.03716422813555864,0.7187770029082897,0.9270832228024526,-0.01634142,0.01634142,0.14340582648488048,0.0053295668514524355,-0.0053295668514524355,False,False,0.7204778196122565,0.5763235775193161,0.4979502227921607,0.9166047722730137,0.7220236367757837,0.8584650300772874
184,-0.10806728420866622,0.31642567476539935,0.801390874690006,-0.024558512,0.024558512,0.4997282851094021,0.05400427861402714,-0.05400427861402714,False,False,0.3027413301554079,0.6111319214541728,0.00737669875537101,0.7703320778306652,0.7498551183486784,0.8584650300772874
185,-0.08945806743921998,0.4390243338065478,0.8959680281766282,-0.0022324484,0.0022324484,0.3575114074457496,0.03198227959757232,-0.03198227959757232,False,False,0.43347107766308957,0.0444233345127025,0.6183475761703623,0.8762298938834648,0.09268877541461185,0.8584650300772874
186,-0.7691862158727549,1.129925678812241e-09,2.848464576045105e-08,-0.19861569,0.19861569,8.946950121422097,6.881870707498948,-6.881870707498948,False,True,2.4686923809841426e-10,0.001472259828651165,0.2525674138107618,7.053406802811835e-09,0.00588903931460466,0.8584650300772874
187,0.2058092821695978,0.10365328376512464,0.4506664511527158,0.0041908138,0.0041908138,0.984416934781087,0.20260214270289129,0.20260214270289129,False,False,0.06367702601944084,3.925388298040101e-07,0.1497526528746383,0.2894410273610947,5.607697568628716e-06,0.8584650300772874
188,0.0158174947784041,0.8950639581418521,0.9905035451358372,0.0348138,0.0348138,0.04814593040962577,0.0007615480028556628,0.0007615480028556628,False,False,0.8911663851657798,0.0033115416151537065,0.5506085587936229,0.9900814233934792,0.011225564797131209,0.8584650300772874
189,0.0711863796231195,0.5208967916545939,0.906656349049402,0.027047262,0.027047262,0.28324831749722595,0.020163422256967406,0.020163422256967406,False,False,0.5182275144113127,0.09616861040083845,0.5111067311507038,0.8960787711629903,0.1732767754970062,0.8584650300772874
190,0.08772112830015787,0.45400759284701864,0.89902493633073,0.023442116,0.023442116,0.34293688391825305,0.03008281039304942,0.03008281039304942,False,False,0.43936543355361524,0.004535841556251186,0.7722665889419144,0.8762298938834648,0.014174504863284957,0.8969149471631382
191,-0.023532349657471304,0.8644187194925552,0.9905035451358372,-0.019590717,0.019590717,0.06327583678614399,0.0014890291161206255,-0.0014890291161206255,False,False,0.8650932330449355,0.577618909420627,0.4007561016917591,0.9900814233934792,0.7220236367757837,0.8584650300772874
192,-0.017057820339623785,0.8928023786208444,0.9905035451358372,0.0033642126,0.0033642126,0.049244661349449895,0.0008400065859845316,-0.0008400065859845316,False,False,0.8781586924128226,5.311905700960682e-07,0.1688527401982051,0.9900814233934792,6.707327945489437e-06,0.8584650300772874
193,-0.005596643708909726,0.9559203220254993,0.9906538569321143,0.0092613315,0.0092613315,0.01957830557616008,0.00010957280073392852,-0.00010957280073392852,False,False,0.9560176628934272,0.6990880132371922,0.23812819042681008,0.9900814233934792,0.8224564861614025,0.8584650300772874
194,0.07703348663346611,0.45154169725765925,0.89902493633073,0.06206891,0.06206891,0.3453021389213265,0.026599827703103263,0.026599827703103263,False,False,0.4386686557514341,0.010470472435097787,0.3410078824447703,0.8762298938834648,0.02829857414891294,0.8584650300772874
195,-0.21436007861563602,0.11084511672637387,0.4716813477718037,-0.001587654,0.001587654,0.9552834349401483,0.204774632213985,-0.204774632213985,False,False,0.11403730054881792,0.9145841340792903,0.6045161224230121,0.46545836958701187,0.9678138984966035,0.8584650300772874
196,-0.5597092111994251,8.975569861298476e-09,1.7951139722596953e-07,-0.19582832,0.19582832,8.046937968403048,4.503945302865574,-4.503945302865574,False,True,2.7943453596096344e-09,0.0030870872520048468,0.3422559084689605,5.0806279265629716e-08,0.010645128455189128,0.8584650300772874
197,0.015905568144386643,0.8808779705727092,0.9905035451358372,-0.008963587,0.008963587,0.055084250926875786,0.0008761463067999159,0.0008761463067999159,False,False,0.8537369909013783,1.8012930949267382e-10,0.24937799331088975,0.9869791802328073,7.205172379706954e-09,0.8584650300772874
198,0.16593431236694228,0.27806994364351567,0.801390874690006,0.0025692454,0.0025692454,0.5558459511401652,0.0922339156843923,0.0922339156843923,False,False,0.26941634257822433,0.085603886081761,0.10816734304875096,0.7601725971869548,0.1570713506087358,0.8584650300772874
199,-0.6412730498062388,2.101128562918765e-08,3.5018809381979417e-07,-0.15819006,0.15819006,7.677547373363688,4.92340421914881,-4.92340421914881,False,True,1.5996592824771485e-08,0.7108036046019401,0.04777269934975406,2.1955612947098222e-07,0.831349245148468,0.8584650300772874
